,Date,User,Tweet,sentiment
0,2022-12-14 05:37:34+00:00,SaMirghasemi,@sollliiiiii Ø®ÙˆØ¨ Ú©Ø§Ø±ÛŒ Ù…ÛŒÚ©Ù†ÛŒØŒ Ø¶Ø±Ø± Ø¯Ø§Ø±Ù‡ Ø¨Ø±Ø§ÛŒ Ø±ÛŒÙ‡ Ø§Øª,0
1,2022-08-20 06:01:29+00:00,AmoR_Eza,@sollliiiiii Ú¯Ø²Ø§Ø±Ø´ Ø¢Ø² Ù†ÙˆØ´ØªÙ† Ø§Ø² Ø®Ø³ØªÙ‡â€ŒÚ¯Ù†Ù†Ø¯Øªâ€ŒØªØ±ÛŒÙ† Ø§Ù…ÙˆØ± Ø¯Ø§Ù†Ø´Ú¯Ø§Ø³ØªğŸ˜‚ğŸ˜‚,0
2,2022-08-18 16:51:15+00:00,AmoR_Eza,@sollliiiiii Ù…Ù†Ù… Ù‚ØµØ¯ Ù‡Ù…Ø±Ø§Ù‡Øª Ø¨Ø§Ø´Ù…!,0
3,2022-07-17 20:44:01+00:00,bab__zad,@sollliiiiii Ù†Ú¯Ùˆ Ú© Ø¯ÙˆØ¨Ø§Ø±Ù‡ Ú©Ø±ÙˆÙ†Ø§ Ú¯Ø±ÙØªÛŒğŸ˜‚ğŸ˜‚ğŸ˜‚ğŸ˜‚ğŸ˜‚ğŸ˜‚,0
4,2022-07-17 19:29:22+00:00,alwayshamid,@sollliiiiii Ø¨Ø§Ø²Ù… Ú©Ø±ÙˆÙ†Ø§ Ú¯Ø±ÙØªÛŒ,0
5,2022-07-17 19:06:09+00:00,A_M_Araa,@sollliiiiii Ø¯ÙˆØ¨Ø§Ø±Ù‡Ù‡Ù‡ ØŸ,0
6,2022-07-17 18:27:17+00:00,THE_Mobin_,"@sollliiiiii Ø§ÙˆÙ† Ø²Ù†Ø¯Ù‡â€ŒØ§Ø³Ø³Ø³Ø³Ø³
Ø³Ù„ÛŒ Ø²Ù†Ø¯Ù‡â€ŒØ§Ø³Ø³ğŸ«‚ğŸ«‚",0
7,2022-06-20 11:48:44+00:00,THE_Mobin_,@sollliiiiii He's alive bithces,1
8,2022-06-20 09:11:24+00:00,AmoR_Eza,@sollliiiiii Ø¨Ø±ÛŒÚ© ØªØ§ÛŒÙ… Ù…ÛŒØ¯Ù† Ø¨Ù‡ØªğŸ˜‚,0
9,2022-02-12 11:27:12+00:00,_puniz_,@sollliiiiii Ø³ÙˆØ§Ù„ Ø§ÛŒÙ† Ø§Ø³Øª ØŒ Ø¨Ø´Ø± Ú©ÛŒØ³ØªğŸ¤”,0
10,2022-02-12 10:44:44+00:00,A_M_Araa,@sollliiiiii Ø¯Ù‚ÛŒÙ‚Ø§ Ú©Ø¯ÙˆÙ… Ø¨Ø´Ø±,0
11,2022-02-12 10:41:38+00:00,BetweenDClouds,@sollliiiiii Ú©ÛŒÛŒÛŒÛŒØŸ,0
12,2022-01-17 11:06:20+00:00,SaMirghasemi,@sollliiiiii ØµØ§ÙÛŒ Ú¯Ù„Ù¾Ø§ÛŒÚ¯Ø§Ù†ÛŒØŸ,0
13,2022-01-17 11:01:33+00:00,SaMirghasemi,@sollliiiiii Ú¯ÛŒØª Ù…Ú¯Ù‡ Ø¨Ø±Ø§ÛŒ Ø³Ø§Ø®ØªÙ…ÙˆÙ† Ù†Ø¨ÙˆØ¯ØŸ :)),1
14,2022-01-08 14:09:12+00:00,THE_Mobin_,@sollliiiiii Ø§Ø³ØªØ§Ø¯ Ø¯ÛŒÚ¯Ù‡â€ŒØ§ÛŒ Ù†ÛŒØ³Øª ÛŒØ¹Ù†ÛŒ https://t.co/orZmDsRcKw,0
15,2022-01-07 06:38:53+00:00,AmoR_Eza,"@sollliiiiii ğŸ˜‚ğŸ˜‚
Û²Ø¯ÙˆØ´Ù†Ø¨Ù‡ Ø¨Ø§ÛŒØ¯ Ú©Ø¯ Ø¨Ø²Ù†ÛŒÙ…ØŒ ÙˆÙ„ÛŒ Ø±ÙˆÛŒ Ú©Ø§ØºØ°ğŸ˜ğŸ˜ Ù†Ù…ÛŒØ¯ÙˆÙ†Ù… Ø§Ø³ØªØ§Ø¯ Ø¨Ø§ Ú†Ù‡  Ù…Ù†Ø·Ù‚ÛŒ Ù…ÛŒÚ¯Ù‡ Ú©Ø¯Ù‡Ø§ØªÙˆÙ†Ùˆ Ø±ÙˆÛŒ Ú©Ø§ØºØ° Ø¨Ù†ÙˆÛŒØ³ÛŒÙ† Ø¨ÙØ±Ø³ØªÛŒÙ† ...ğŸ˜‚",0
16,2022-01-06 10:53:27+00:00,lHUNGINl,@sollliiiiii ØªÛŒØ±ÛŒØ®ÛŒØ¯Ø§ Ø¯ÙÙ‡ Ø¨Ø¹Ø¯ another love Ø§Ø² Tom odell Ø¨Ø®ÙˆÙ† https://t.co/ZRt4efae6L,1
17,2021-12-30 22:14:42+00:00,AmoR_Eza,@sollliiiiii Ø¯Ù„ÛŒÙ„ØŸğŸ¥²,0
18,2021-12-30 18:34:07+00:00,roksanabaharma1,@sollliiiiii ğŸ”ª,0
19,2021-12-30 18:31:03+00:00,Dokhtar_poroo,@sollliiiiii Ú†Ø§Ù‚Ùˆ Ú†Ø·ÙˆØ±ØŸ,0
20,2021-12-25 11:24:58+00:00,mimam2020,@sollliiiiii Ø´ÙˆØ®ÛŒ Ú©Ø±Ø¯Ù… Ù…Ø¹Ù„ÙˆÙ… Ø¨ÙˆØ¯ Ø¢Ø®Ø±ÛŒÙ‡ğŸ˜‚,0
21,2021-12-25 11:00:12+00:00,mimam2020,@sollliiiiii ğŸ˜‚Ú©Ø¯ÙˆÙ… Ø¨ÙˆØ¯ÛŒØŸ,0
22,2021-12-04 11:03:12+00:00,Maahin_am,@sollliiiiii Ø®ÙˆØ¨Ù‡Ù‡Ù‡Ù‡,0
23,2021-12-04 02:27:18+00:00,Mahsa_na8,@sollliiiiii @BOBZAD11 :)),1
24,2021-12-04 02:03:08+00:00,cruel_br,@sollliiiiii @BOBZAD11 Ø¨Ø§Ø´Ù‡:),1
25,2021-12-04 01:57:35+00:00,lilijoconde,@sollliiiiii ğŸ¥²,0
26,2021-11-27 17:52:15+00:00,darchin2021,@sollliiiiii @reza13j Ø§ÙˆÙ…Ø¯Ù†ÛŒ Ø¨ÛŒâ€ŒØ²Ø­Ù…Øª Ø§ÛŒØ´ÙˆÙ†Ù… Ø¨Ù¾ÛŒÚ† Ø¨ÛŒØ§Ø± https://t.co/oo1V8gvK6h,0
27,2021-11-27 16:27:59+00:00,felizchicaaa,@sollliiiiii @sharknikfal @reza13j Ø¹Ù‡ Ù…Ù†Ù… Ø§Ø±Ù‡:),1
28,2021-11-27 15:36:05+00:00,whitesharkazar,@sollliiiiii @felizchicaaa @reza13j Ø¹Ù‡ Ø§Ø±Ù‡,0
29,2021-11-27 14:45:32+00:00,whitesharkazar,@sollliiiiii @felizchicaaa @reza13j Ø¹Ù‡Ù‡Ù‡Ù‡,0
30,2021-11-25 01:53:18+00:00,Dokhtar_poroo,@sollliiiiii Ú†Ø´ Ø§ÙˆØ³ØªØ§,0
31,2021-11-21 10:54:42+00:00,FtmeHdy,@sollliiiiii Ú©Ø¯ÙˆÙ… Ù¾Ø§Ø¯Ú©Ø³ØªØ´ØŸ :â€™),0
32,2021-11-20 18:23:43+00:00,iammorientte,@sollliiiiii @maahak_hastam Ú†Ø§Ú©Ø±Ù… Ø­Ø§Ø¬ÛŒâ™¥ï¸â™¥ï¸,0
33,2021-11-18 21:20:15+00:00,arzu_jamshidi,@sollliiiiii Ø¨ÛŒÙˆÙ‡ Ù…Ú©Ø§Ù† Ø¯Ø§Ø±Ù… Ú¯Ù„ÛŒ Ø§Ø² Ú¯Ù„ Ù‡Ø§ÛŒ Ø¨Ù‡Ø´Øª Ø¨ÙˆØ¯Ù‡ https://t.co/OFSp7MaLv8,0
34,2021-11-14 16:44:14+00:00,Rehi_xm,@sollliiiiii ğŸ˜‚,0
35,2021-11-14 11:58:09+00:00,darchin2021,@sollliiiiii Ú†Ø´Ù…ğŸ˜‚ğŸš¶ğŸ»â€â™€ï¸,0
36,2021-11-14 11:38:21+00:00,darchin2021,@sollliiiiii Ù‡Ù…ÛŒÙ† Ø¯Ø±Ø¬Ù‡â€ŒÛ´ Ù…Ø¯ Ù†Ø¸Ø±Øª Ø¨ÙˆØ¯Ù‡ØŸ https://t.co/dKIlgJYr6O,0
37,2021-11-14 10:56:03+00:00,erfanerfi,@sollliiiiii Ø®ÙˆØ´Ø§ Ø¨Ù‡ Ø­Ø§Ù„ØªğŸ™‚,0
38,2021-11-12 05:40:12+00:00,AmoR_Eza,"@sollliiiiii ğŸ˜‚ğŸ˜‚ğŸ˜‚ğŸ˜‚
Ù…ÛŒØ§Ù†â€ŒØªØ±Ù…â€ŒÙ‡Ø§ØŸ
Ø§Ø³ØªØ§Ø¯ Ø±ÛŒØ§Ø¶ÛŒ Ù…Ø§ ÛŒÚ© Ù…Ø§Ù‡ Ù…ÛŒØ®ÙˆØ§Ø¯ Ù…ÛŒØ§Ù†â€ŒØªØ±Ù… Ø¨Ú¯ÛŒØ±Ù‡ ÙˆÙ„ÛŒ Ø³Ø§Ù…Ø§Ù†Ù‡ Ø®Ø±Ø§Ø¨Ù‡ğŸ˜‚ğŸ˜‚",0
39,2021-11-08 15:38:54+00:00,DaadKhaaham,@sollliiiiii Ø¯Ø±Ø¯Ù†Ø§Ú©Ù‡,0
40,2021-11-08 09:17:07+00:00,88afm88,@sollliiiiii ğŸ˜‚ğŸ˜‚ğŸ˜‚,0
41,2021-11-06 16:35:18+00:00,lrmnaxl,@sollliiiiii Ù…Ú¯Ù‡ Ù…ÛŒØ´Ù‡ Ù…Ú¯Ù‡ Ø¯Ø§Ø±ÛŒÙ…Ù…Ù…Ù…Ù…Ù…Ù… Ø®Ø¯Ø§Ø§Ø§ÛŒØ§ ØµØ¯Ø§Ø´ Ø§Ø² Ø¨Ù‡Ø´ØªÙ‡ğŸ¦¥,0
42,2021-11-05 12:40:25+00:00,Catiii001,@sollliiiiii @whale_52_hrtz Ù¾Ø³Ø± Ø®ÛŒÙ„ÛŒ Ø´Ø¨ÛŒÙ‡ Ry Cuming Ù…ÛŒØ®ÙˆÙ†ÛŒ Ùˆ Ø§ÛŒÙ† ÙÙˆÙ‚â€ŒØ§Ù„Ø¹Ø§Ø¯Ø³ğŸ˜ğŸ˜,0
43,2021-11-03 21:13:06+00:00,HelixJumpp,@sollliiiiii Niceee,0
44,2021-11-03 08:25:34+00:00,BetweenDClouds,@sollliiiiii Ù…Ø§ Ø±Ùˆ Ø¯ÙˆØ± Ù†Ù†Ø¯Ø§Ø² -_-,0
45,2021-11-02 15:18:51+00:00,Sheydafathipoor,@sollliiiiii Ú†Ù‚Ø¯Ø±Ø±Ø± ØµØ¯Ø§Øª Ø®ÙˆØ¨Ù‡Ù‡Ù‡Ù‡ https://t.co/YpBvUeb5Kn,0
46,2021-10-31 13:22:41+00:00,Dokhtar_poroo,@sollliiiiii Ù¾Ø´Ù…Ø§Ù… Ú†Ù‡ Ø®ÙˆØ¨ÛŒ,0
47,2021-10-30 09:26:56+00:00,FtmeHdy,@sollliiiiii Ø¨Ù‡ Ø¨Ù‡ Ø¹Ø§Ù„ÛŒÛŒÛŒğŸ‘ŒğŸ½ğŸ¤,0
48,2021-10-30 09:08:26+00:00,mesmolv,@sollliiiiii @Alone_Solipsist Ù†Ø³ÙˆØ®ØªØ§ØŒâ€Œ Ø­Ø±ÙØ´ Ø¯Ø±Ø³ØªÙ‡,0
49,2021-10-30 07:21:16+00:00,erfanerfi,@sollliiiiii @yasna_purp Ù†Ø´ÛŒ â¤,0
50,2021-10-30 07:14:17+00:00,amir__rostami,@sollliiiiii Ø¯Ù…Øª Ú¯Ø±Ù…ğŸ‘ŒğŸ˜ƒ,0
51,2021-10-30 06:22:00+00:00,1Akhund1Derakht,@sollliiiiii Ù…Ù† Ø§Ø¯Ø¹Ø§ÛŒÛŒ Ù†Ø¯Ø§Ø±Ù… Ú©Ù‡ Ø¨Ø®ÙˆØ§Ù… Ø«Ø§Ø¨ØªØ´ Ú©Ù†Ù…,0
52,2021-10-29 20:31:07+00:00,yamiyammi_,@sollliiiiii ğŸ¥²â™¥ï¸,0
53,2021-10-29 18:24:36+00:00,Milad74864708,@sollliiiiii Ø¹Ø§Ù„ÛŒ,0
54,2021-10-29 18:00:26+00:00,AliFT48277980,@sollliiiiii Ø¯Ø§Ø¯Ø§Ø´ Ø¹Ø§Ù„ÛŒ Ø®ÛŒÙ„ÛŒ Ù‚Ø´Ù†Ú¯ Ø¨ÙˆØ¯,0
55,2021-10-29 17:04:08+00:00,erfanerfi,"@sollliiiiii @yasna_purp Ø®ÛŒÙ„ÛŒ Ø®ÙÙ† Ø¨Ø§Ø±Ú©ÛŒÙ„Ø§Ø§Ø§Ø§Ø§ğŸ”¥ğŸ”¥ğŸ¤©ğŸ¤©
ØµØ¯Ø§ØªÙ… Ø®ÛŒÙ„ÛŒ Ù‚Ø´Ù†Ú¯Ù‡Ù‡Ù‡Ù‡Ù‡ğŸ™‚",0
56,2021-10-29 14:52:02+00:00,goodmen61086757,@sollliiiiii ğŸ˜‚,0
57,2021-10-29 14:50:18+00:00,goodmen61086757,@sollliiiiii ÙØ§Ø±Ø³ÛŒ Ø¨Ø®ÙˆÙ† Ø¹Ø´Ù‚Ù….Ø§ÛŒÙ† Ú†ÛŒØ²ÛŒ Ú©Ù‡ Ø®ÙˆÙ†Ø¯ÛŒ Ø¨Ø±Ø§ Ø§ÙˆÙ†ÙˆØ±Ø§ Ø®ÙˆØ¨Ù‡ Ù‡Ø§..,0
58,2021-10-29 14:00:05+00:00,Deleted78292,@sollliiiiii Ø¹Ø§Ù„ÛŒ Ø¨ÙˆØ¯ÛŒÛŒÛŒÛŒ,0
59,2021-10-29 12:07:16+00:00,adolf13putak,@sollliiiiii Ú©Ø¯ Ù…ÛŒØ²Ù†ÛŒØ¯ ØµØ¯Ø§ØªÙˆÙ† Ù†Ø§Ø¨ÛŒ Ù…ÛŒØ´Ù‡ØŸ https://t.co/FZTIP5wQ8t,0
60,2021-10-29 11:28:40+00:00,Called_Mohadse,@sollliiiiii Ú†Ù‚Ø¯Ø±Ø±Ø±Ø±Ø±Ø±Ø± Ø®ÙˆØ¨ Ø¨ÙˆØ¯Ø¯ https://t.co/tpDBv3HltO,0
61,2021-10-29 10:59:50+00:00,Maahin_am,@sollliiiiii Ø¨Ø§Ø²Ù… Ø¨Ø®ÙˆÙ† Ø¨Ø±Ø§Ù…ÙˆÙ† https://t.co/xD4XqTOO9p,0
62,2021-10-29 10:59:29+00:00,Maahin_am,@sollliiiiii Ø¨Ù‡ Ø¨Ù‡ https://t.co/GMVWccWQAM,0
63,2021-10-29 10:59:05+00:00,Maahin_am,@sollliiiiii Ù„Ø°Øª Ø¨Ø±Ø¯ÛŒÙ… https://t.co/QxfcTdxE9V,0
64,2021-10-29 10:58:51+00:00,22nell22,@sollliiiiii ğŸ˜ğŸ˜ğŸ˜ Ú†Ù‡ ØµØ¯Ø§ÛŒÛŒ,0
65,2021-10-29 10:33:08+00:00,reynoreey,@sollliiiiii Ù…Ù† Ù‚Ø¨ÙˆÙ„ Ù…ÛŒÚ©Ù†Ù….,0
66,2021-10-29 10:32:26+00:00,morphinetor,@sollliiiiii @Nargess81 ğŸ˜ğŸ˜ğŸ˜ğŸ˜,0
67,2021-10-29 09:56:24+00:00,meli_kaaa,@sollliiiiii Ø¨Ø³ÛŒØ§Ø± Ø¹Ø§Ù„ÛŒğŸ‘ŒğŸ¤©,0
68,2021-10-29 09:48:26+00:00,rrooozziii,"@sollliiiiii Ù‚Ø¨ÙˆÙ„ Ù†ÛŒÛŒÛŒÛŒÛŒÛŒØ³
Ù…Ù† ØµØ¯Ø§ØªÙˆ Ù…ÛŒØ®ÙˆØ§Ù… https://t.co/8tWsFMHMou",0
69,2021-10-29 09:45:16+00:00,rrooozziii,@sollliiiiii ØªÙˆ ÙÙ‚Ø¯ Ø¨Ø®ÙˆÙˆÙˆÙ†ğŸ¤¤ https://t.co/3bRxOGUWcO,0
70,2021-10-29 09:37:35+00:00,HosseiniArash74,@sollliiiiii Ø­Ø§Ø¬ÛŒ Ø¹Ø§Ù„ÛŒ Ø¨ÙˆØ¯ Ø±ÙˆØ­Ù… Ø¬Ù„Ø§ Ù¾ÛŒØ¯Ø§ Ú©Ø±Ø¯ Ø¯Ù…Øª Ú¯Ø±Ù…ğŸ˜ğŸ˜ğŸ˜,0
71,2021-10-29 09:28:26+00:00,_Moh_33,@sollliiiiii Ù…Ø§ Ø¨ÛŒØ´ØªØ±Ø±Ø±Ø± â¤ï¸â¤ï¸,0
72,2021-10-29 09:07:35+00:00,samaanistam,@sollliiiiii @kianmehrt @AidaF216 Ø¯Ø§Ø±ÛŒÙ… Ø±Ø§Ø¬Ø¨ Ø´Ù…Ø§ Ø­Ø±Ù Ù…ÛŒØ²Ù†ÛŒÙ… ğŸ’ƒğŸ»,0
73,2021-10-29 09:06:22+00:00,Ferilokhan,@sollliiiiii Ø¹ÛŒÙ†Ú© Ø¢ÙØªØ§Ø¨ÛŒ Ø¨Ø²Ù† Ù…Ø«Ù‡ Ø®Ø¯Ø§Ø¨ÛŒØ§Ù…Ø±Ø² Ø±ÛŒ Ú†Ø§Ø±Ù„Ø² Ø¨Ø´ÛŒ,0
74,2021-10-29 08:53:33+00:00,missqueenjasmin,@sollliiiiii https://t.co/SAZfIZ6tqh,0
75,2021-10-29 08:49:35+00:00,zhra_sai,@sollliiiiii @sajjadsarkhosh ğŸ™‚Ù…Ø±Ø³ÙŠ Ùƒ ØªØ§ÙŠÙ… Ù„Ø§ÙŠÙ†Ùˆ Ù‚Ø´Ù†Ú¯ ÙƒØ±Ø¯ÙŠ,0
76,2021-10-29 08:48:08+00:00,Mr_sefr_,@sollliiiiii Ú†Ù‡ Ø¯Ù„Ø¨Ø±ÛŒ Ù…ÛŒÚ©Ù†Ù‡ Ø­Ø¶Ø±Øª Ø¢Ù‚Ø§ ğŸ˜ğŸ¼,0
77,2021-10-29 08:26:28+00:00,Smoslehi1,@sollliiiiii Ù…Ø§Ø´Ø§Ø§Ù„Ù„Ù‡ https://t.co/niebfrT4JY,0
78,2021-10-29 08:14:13+00:00,sajjadsarkhosh,@sollliiiiii Ø¯Ø§Ø¯Ø§Ø´ Ø§Ù† Ø´Ø§Ø¡ Ø§Ù„Ù„Ù‡ Ú©Ù‡ Ø¨Ù‡ Ù‡Ø¯ÙØª Ø¨Ø±Ø³ÛŒ Ùˆ Ø®ÛŒØ± Ø²Ù†Ø¯Ú¯ÛŒØª Ø¨Ø§Ø´Ù‡,0
79,2021-10-29 08:10:41+00:00,missqueenjasmin,"@sollliiiiii Ø®ÛŒÙ„ÛŒ Ù„Ø°Øª Ø¨Ø±Ø¯Ù… 
Ø¹Ø§Ù„ÛŒÙ‡ ... âš˜",0
80,2021-10-29 07:42:32+00:00,mahintaj_afat_,@sollliiiiii Ø¹Ù‡ Ø¨Ø±Ú¯Ø§Ù….........,0
81,2021-10-29 07:39:38+00:00,ordibeheshtzr,@sollliiiiii Ø¹Ø§Ø§Ø§Ø§Ù„ÛŒ Ø¨ÙˆØ¯ğŸ˜ğŸ˜ https://t.co/kVcdz2T6Q0,0
82,2021-10-29 06:41:24+00:00,bazilikumm,@sollliiiiii Ú†Ù‚Ø¯Ø± Ø®ÙÙ†Ù†Ù†ğŸ¥²ğŸ˜,0
83,2021-10-29 06:37:18+00:00,_Moh_33,@sollliiiiii ğŸ˜ğŸ˜ğŸ˜,0
84,2021-10-29 06:35:27+00:00,lovedbythemo0n,@sollliiiiii Ø®ÛŒÙ„ÛŒÛŒÛŒÛŒ ØµØ¯Ø§Øª Ù‚Ø´Ù†Ú¯Ù‡Ù‡Ù‡ğŸ˜ğŸ˜ğŸ˜ğŸ¥º,0
85,2021-10-29 05:56:45+00:00,Shok0o0fe,@sollliiiiii @sahelakam Ú†Ù‚Ø¯ Ø¯ÙˆØ³Øª Ø¯Ø§Ø´ØªÙ…ğŸ¥º,0
86,2021-10-29 05:08:39+00:00,mahdishojae1996,@sollliiiiii ğŸ‘ğŸ¥º,0
87,2021-10-29 02:20:27+00:00,FatemiNarjes,@sollliiiiii @doki__ar Ø¨Ù‡ Ù‚ÛŒØ§ÙØª Ù…ÛŒØ®ÙˆØ±Ø¯ Ø§ÛŒÙ† Ú¯Ù„ Ø±Ø§ Ø¨Ù‡ Ø±Ø³Ù… Ù‡Ø¯ÛŒÙ‡ ØªÙ‚Ø¯ÛŒÙ… Ù†Ú¯Ø§Ù‡Øª Ú©Ø±Ø¯ÛŒÙ… Ø¨Ø®ÙˆÙ†ÛŒ ÙˆÙ„ÛŒ Ù¾Ø³Ø± Ù¾Ø´Ù…Ø§Ù… :)))))),1
88,2021-10-28 23:43:02+00:00,amir_sll,@sollliiiiii Ø¯Ø±ÙˆØ¯ Ø¨Ø± Ø´Ø±ÙØª,0
89,2021-10-28 23:20:33+00:00,yamiyammi_,@sollliiiiii ØµØ¯Ø§Øª Ø®ÛŒÙ„ÛŒ Ù‚Ø´Ù†Ú¯Ù‡ğŸ¥²,0
90,2021-10-28 23:00:26+00:00,Dr__magnificent,"@sollliiiiii Ú†Ù‚Ø¯Ø± Ù„Ø°Øª Ø¨Ø±Ø¯Ù…
Ø¯Ù…Øª Ú¯Ø±Ù… https://t.co/HunsDC200H",0
91,2021-10-28 22:33:09+00:00,EdwardishereD,@sollliiiiii @PouriMo Ú†Ø·ÙˆØ±ÛŒ Ø§Ù†Ù‚Ø¯ Ø®ÙˆØ¨Ù‡ ØµØ¯Ø§Øª https://t.co/orR4iWTfjx,0
92,2021-10-28 22:30:44+00:00,Pourimo,@sollliiiiii Ø¨Ù†Ø§Ø²Ù… Ø¨Ù‡ Ø§ÛŒÙ† ØµØ¯Ø§Ø§Ø§ â¤ï¸,0
93,2021-10-28 22:12:58+00:00,darchin2021,@sollliiiiii https://t.co/TcOrK4z3aQ,0
94,2021-10-28 22:10:36+00:00,darchin2021,@sollliiiiii Ø§Ù„Ù„Ù‡â€ŒØ§Ù„Ø§Ú©Ø¨Ø± https://t.co/Z3SOTIcmoU,0
95,2021-10-28 22:07:33+00:00,darchin2021,@sollliiiiii Ø§ØµÙ† Ø§Ø±Ø§Ø¯Øª https://t.co/OX92wEnKZl,0
96,2021-10-28 22:05:54+00:00,navidzk7,@sollliiiiii @Maahin_am Ø§ÛŒØ´Ø§Ù„Ù„Ù„Ù„Ù‡,0
97,2021-10-28 22:03:55+00:00,x__sama_,"@sollliiiiii @BOBZAD11 ÙˆØ§Ø§Ø§Ø§Ø§Ø§ÛŒ Ø®Ø¯Ø§Ø§Ø§Ø§Ø§
Ú†Ù‚Ø¯ Ø®ÙˆÙˆÙˆÙˆÙˆØ¨Ù‡ ØµØ¯Ø§Øª
ØªØ§ Ø§Ø¨Ø¯ Ø¨Ø®ÙˆÙ† Ø¨Ø±Ø§Ù…ÙˆÙ† https://t.co/R7TX33vBFY",0
98,2021-10-28 21:51:25+00:00,darchin2021,@sollliiiiii Ø­Ù‚ÛŒÙ‚ØªØ§ ÙˆØ§Ùˆ https://t.co/UJ35301u7d,0
99,2021-10-28 21:30:49+00:00,navidzk7,@sollliiiiii @Maahin_am Ø§ÛŒØ´Ø§Ù„Ù„Ù‡ Ø³Ø§Ù„ Ø¨Ø¹Ø¯ Ù‡Ù…ÛŒÙ† Ù…ÙˆÙ‚Ø¹ Ø§Ø³ØªØ¹Ø¯Ø§Ø¯ ÛŒØ§Ø¨ÛŒ Ø§Ù…Ø±ÛŒÚ©Ø§,0
100,2021-10-28 21:29:13+00:00,navidzk7,"@sollliiiiii @Maahin_am Ø§ÙˆÙˆÙˆÙˆÙˆÙˆÙˆÙˆÙ Ø§Ø² Ø§ÙˆÙ† ØµØ¯Ø§ Ù‚Ø´Ù†Ú¯Ø§Ø³ 
Ù„Ù‡Ø¬Ù‡ Ù‡Ù… Ú©Ù‡ Ø¹Ø§Ù„ÛŒÛŒÛŒÛŒÛŒ",0
101,2021-10-28 21:15:03+00:00,seharfeesmam,@sollliiiiii Ø¹Ø¬Ø¨ ØµØ¯Ø§ÛŒÛŒÛŒğŸ‘ŒğŸ»ğŸ‘ğŸ»,0
102,2021-10-28 20:54:47+00:00,SalehBagheri8,@sollliiiiii Ù†Ù…ÛŒ Ø¯ÙˆÙ†Ù… Ù…ÛŒØ¯ÙˆÙ†ÛŒ ÛŒÙ‡ Ø¨Ø±Ù†Ø§Ù…Ù‡ Ù‡Ø³Øª Ø¨Ù‡ Ù†Ø§Ù… Ø³ØªØ§Ø±Ù‡ Ø´Ùˆ (Ø¯Ù‚ÛŒÙ‚Ø§ Ø§Ø³Ù…Ø´ ÛŒØ§Ø¯Ù… Ù†ÛŒØ³Øª ) ØªÙˆ Ø±Ø§Ø¯ÛŒÙˆ Ø¬ÙˆØ§Ù† Ø¨Ø±Ú¯Ø²Ø§Ø± Ù…ÛŒØ´Ù‡ Ø´Ø±Ú©Øª Ú©Ø±Ø¯ÛŒ,0
103,2021-10-28 20:52:33+00:00,MA_H_YA,@sollliiiiii Ø¹Ø§Ù„ÛŒÛŒÛŒÛŒ,0
104,2021-10-28 20:47:51+00:00,Nane_Pishiha,@sollliiiiii ÙÙˆØ±Ø§Ù† â¤ï¸,0
105,2021-10-28 20:47:30+00:00,_ahlejnoob,@sollliiiiii ÙÙˆÙ‚ Ø§Ù„Ø¹Ø§Ø¯Ù‡ Ø§Ù‰ Ø¯Ø§Ø¯Ø§Ø´,0
106,2021-10-28 20:32:10+00:00,portaghalamm,@sollliiiiii Ù¾Ø³Ø± ØµØ¯Ø§ØªØªØªØª,0
107,2021-10-28 20:29:09+00:00,doki__ar,@sollliiiiii @BOBZAD11 @Mehdi_rahimi77 @moji_joon_ @sadaf_barfii @dometrishoon @ghazal_ans â¤,0
108,2021-10-28 20:27:21+00:00,SomeoneNearHer1,@sollliiiiii ØµØ¯Ø§Ø§Ø§ØªØªØªğŸ˜ https://t.co/89993TKRkr,0
109,2021-10-28 20:20:49+00:00,doki__ar,"@sollliiiiii @BOBZAD11 @Mehdi_rahimi77 @moji_joon_ @sadaf_barfii @dometrishoon @ghazal_ans Ø¹Ø§Ù„ÛŒ Ù‡Ø³ØªÛŒ
Ù„Ø°Øª Ø¨Ø±Ø¯Ù… ÙˆØ§Ù‚Ø¹Ø§ â¤",0
110,2021-10-28 20:10:25+00:00,majjlesi,@sollliiiiii Ø¢Ù‚Ø§ Ù¾Ø´Ù…Ø§Ø§Ø§Ø§Ø§Ø§Ø§Ø§Ø§Ø§Ø§Ù…!!!!!!!!!! https://t.co/k4FVWqKZK8,0
111,2021-10-28 20:04:58+00:00,hotel_bga,@sollliiiiii ğŸ’œ,0
112,2021-10-28 19:37:22+00:00,saaaabaaaaaaa,@sollliiiiii â¤ÙˆØ§Ù‚Ø¹Ø§Ø§Ø§ good luck for us,1
113,2021-10-28 18:50:19+00:00,thisistheendmf,@sollliiiiii @atbk__ Ø²ÛŒØ¨Ø§ ØªØ± Ø§Ø² Ø§ÛŒÙ† Ù…Ù…Ú©Ù† Ù†Ø¨ÙˆØ¯ Ø¯Ù… Ø´Ù…Ø§ Ú¯Ø±Ù… Ø§Ø¯Ø§Ù…Ù‡ Ø¨Ø¯ÛŒØ¯ ğŸ¶ https://t.co/GUQ06r1y1D,0
114,2021-10-28 18:50:12+00:00,moonmiiim,@sollliiiiii @atbk__ Ø¨Ø§Ù‡ Ø¨Ø§Ù‡ ğŸ¤ŒğŸ½ğŸ¤©,0
115,2021-10-28 18:01:13+00:00,saaaabaaaaaaa,@sollliiiiii Ø®ÛŒÙ„ÛŒ Ù‚Ø´Ù†Ú¯ Ø¨ÙˆØ¯ Ø§ÛŒÙˆÙ„ Ø§ÛŒÙˆÙ„Ù„ Ø§ÛŒÛŒÙˆÙˆÙ„Ù„Ù„ Ù…Ù† ÙˆØ§Ù‚Ø¹Ø§ Ú©Ø³Ø§ÛŒÛŒ Ú©Ù‡ Ù…ÛŒØ®ÙˆÙ†Ù† Ù…ÛŒØ¨ÛŒÙ†Ù… Ø°ÙˆÙ‚ Ù…ÛŒÚ©Ù†Ù… Ú†ÙˆÙ† Ø®ÙˆØ¯Ù…Ù… Ù…ÛŒØ®ÙˆÙ†Ù… Ù…ÛŒØ¯ÙˆÙ†Ù… Ú†Ù‚Ø¯Ø± Ø¢Ø¯Ù… Ø²Ø­Ù…Øª Ù…ÛŒÚ©Ø´Ù‡ ÙˆØ§Ù‚Ø¹Ø§ Ù„Ø§ÛŒÙ‚ Ø§ÛŒÙ†Ù‡ Ú©Ù‡ ØªØ´ÙˆÛŒÙ‚ Ø¨Ø´Ù‡Ù‡Ù‡Ù‡ Ø®ÛŒÙ„ÛŒÛŒ Ø¯Ù…Øª Ú¯Ø±Ù…â£â£â£âœŒğŸ¿,0
116,2021-10-28 17:26:00+00:00,AAAAACRY,@sollliiiiii Ø¨Ø±Ù‡ ØªØ§ÙŠÙ… Ù„Ø§ÙŠÙ†ğŸ¥²,0
117,2021-10-28 17:19:07+00:00,fati_soli0831,@sollliiiiii @Mahkiaaa Ú†Ø±Ø§Ø§Ø§Ø§Ø§Ø§ Ø§Ø§Ø§Ø§Ù†Ù†Ù†Ù†Ù‚Ø¯Ø¯Ø¯Ø¯Ø¯ Ø®ÙÙ†Ù†Ù†Ù†Ù†Ù† Ø¨ÙˆØ¯Ø¯Ø¯Ø¯Ø¯Ø¯ https://t.co/EmG0da5l5k,0
118,2021-10-28 15:52:22+00:00,sir_bobby_k,@sollliiiiii @Maahin_am https://t.co/iZHBqAkzAb,0
119,2021-10-28 15:43:55+00:00,honey_bunii,@sollliiiiii Ú†Ø¬ÙˆØ±ÛŒ Ø§Ù†Ù‚Ø¯Ø± Ø®ÙˆØ¨ Ø¨ÙˆÙˆÙˆÙˆØ¯ğŸ˜²ğŸ˜ğŸ¥º https://t.co/1yhFUz14Gs,0
120,2021-10-28 15:43:05+00:00,Maahin_am,@sollliiiiii ğŸ§¡ğŸ’—ğŸ§¡ğŸ’—ğŸ§¡,0
121,2021-10-28 15:42:55+00:00,Maahin_am,@sollliiiiii https://t.co/GVhumUU2gb,0
122,2021-10-28 15:42:40+00:00,Maahin_am,@sollliiiiii https://t.co/MhfliJByFh,0
123,2021-10-28 15:39:35+00:00,Rehi_xm,@sollliiiiii âœ¨ğŸ¤¤ğŸ‘ŒğŸ»Ú¯ÙˆØ´Ù†ÙˆØ§Ø²,0
124,2021-10-28 15:31:20+00:00,sootiaam,@sollliiiiii ğŸ˜ğŸ˜ğŸ˜,0
125,2021-10-28 15:29:39+00:00,kharchangparand,@sollliiiiii woooowğŸ˜ğŸ˜,0
126,2021-10-28 15:17:04+00:00,itsponyoi,"@sollliiiiii Ø¹Ø§Ù„ÛŒÙ‡
ğŸ‘ŒğŸ»ğŸ¤ğŸ§šğŸ»â€â™€ï¸",0
127,2021-10-28 15:15:48+00:00,mahq1147,"@sollliiiiii @mariiiii_am Ø¯Ø§Ø´ØªÙ… Ø¨Ø§ Ø¯Ù‚Øª Ú¯ÙˆØ´ Ù…ÛŒØ¯Ø§Ø¯Ù… 
Ø¨Ø³ÛŒØ§Ø± Ø²ÛŒØ¨Ø§ Ø¨ÙˆØ¯ https://t.co/gm4KdqCKgT",0
128,2021-10-28 15:15:46+00:00,Rfighe_Mamad,@sollliiiiii Ù†Ø¸Ø±Ù… Ø¯Ø±Ø¨Ø§Ø±Ù‡ Ø´Ø¹Ø± https://t.co/6Jy0J3qUKR,0
129,2021-10-28 15:09:53+00:00,morzinno,@sollliiiiii @_fatemehkarami ğŸ˜…ğŸ•Šï¸ğŸ¤ğŸ•Šï¸,0
130,2021-10-28 15:05:50+00:00,mahq1147,@sollliiiiii @mariiiii_am https://t.co/dpjYM05MbW,0
131,2021-10-28 15:04:12+00:00,BetweenDClouds,@sollliiiiii ğŸ˜Œâ¤ï¸,0
132,2021-10-28 15:00:49+00:00,pofolipofo,@sollliiiiii Ø®ÙˆØ´ØµØ¯Ø§ğŸ¤©,0
133,2021-10-28 14:59:28+00:00,Mahkiaaa,@sollliiiiii https://t.co/FAgVys20ZM,0
134,2021-10-28 14:54:37+00:00,morzinno,@sollliiiiii @_fatemehkarami ÛŒØ§ Ø¬Ø¯ ØµØ¯Ø§,0
135,2021-10-23 17:02:27+00:00,pofolipofo,@sollliiiiii ğŸ˜‚ğŸ˜‚ğŸ˜‚,0
136,2021-10-23 16:45:58+00:00,pofolipofo,@sollliiiiii Ú†Ø±Ø§ Ù…Ù† Ø¨Ø§ Ù…ÙØ¯Ø§Ø¯ÙÙ… Ø®ÙˆÙ†Ø¯Ù…Ø´ ğŸ˜ğŸ˜ğŸ˜ğŸ˜,0
137,2021-10-21 19:18:26+00:00,BetweenDClouds,@sollliiiiii ØªØ§Ø²Ù‡ Ø¨Ù‡ Ù…Ø§Ø³Ú© Ùˆ Ø¹ÛŒÙ†Ú© Ø¹Ø§Ø¯Øª Ú©Ø±Ø¯Ù‡ Ø¨ÙˆØ¯Ù…â€¦.Ø§Ù„Ø§Ù† Ø§ÛŒÙ†Ø¬ÙˆØ±ÛŒ Ù†Ù…ÛŒØªÙˆÙ†Ù… ØªØ´Ø®ÛŒØµØª Ø¨Ø¯Ù… =)))),1
138,2021-10-21 18:41:00+00:00,AmoR_Eza,"@sollliiiiii ğŸ˜ğŸ˜ğŸ˜ğŸ˜ğŸ˜ğŸ˜ğŸ˜ğŸ˜ğŸ˜ğŸ˜
Ø¢Ù‚Ø§ Ù…Ø­Ù…Ø¯ Ø¯Ù„Ù… Ø®ÙˆØ§Ø³Øª Ø­Ø¶ÙˆØ±ÛŒ Ø¨Ø¨ÛŒÙ†Ù…Øª Ù‡Ù…ÛŒÙ† Ø§Ù„Ø§Ù†ğŸ˜‚",0
139,2021-10-21 12:52:06+00:00,mpktaba,@sollliiiiii @Rehi_xm Ù† Ù†Ú¯Ùˆ Ú¯Ø±ÙØªÛŒÙ…,0
140,2021-10-21 12:51:24+00:00,Rehi_xm,@sollliiiiii Ø¯ÛŒØ± Ú¯ÙØªÛŒğŸ¥²,0
141,2021-10-16 12:35:01+00:00,hotel_bga,@sollliiiiii Ø®ÙˆØ¨Ù‡ Ø®Ø¯Ø§Ø±ÙˆØ´Ú©Ø±,0
142,2021-10-15 01:56:29+00:00,hotel_bga,@sollliiiiii Ø­Ù„ Ù…ÛŒØ´Ù‡ ØŒ Ù‡Ø±Ú†ÛŒ Ø¨Ø§Ø´Ù‡ Ø¨ÛŒ Ø±Ø§Ù‡ Ø­Ù„ Ù†ÛŒØ³Øª ØŒ Ù‡Ø±Ú†Ù†Ø¯ Ù…Ù† Ú©Ù‡ Ù…ÛŒÚ¯Ù… Ø§ØµÙ„Ø§ Ú†ÛŒØ²ÛŒ Ù†ÛŒØ³Øª Ø®ÙˆØ¯ØªÙˆ Ù†Ú¯Ø±Ø§Ù† Ù†Ú©Ù†,0
143,2021-10-14 23:15:01+00:00,Rehi_xm,@sollliiiiii ğŸ¥º,0
144,2021-10-14 21:50:25+00:00,AmoR_Eza,@sollliiiiii ğŸ™ğŸ»ğŸ™ŒğŸ»ğŸ™ŒğŸ»,0
145,2021-10-14 06:50:58+00:00,SaMirghasemi,@sollliiiiii Ú†ÛŒØ²ÛŒ Ú©Ù‡ ØªÙˆ Ø±Ùˆ Ù†Ú©Ø´Ù‡ Ù‚ÙˆÛŒ ØªØ±Øª Ù…ÛŒÚ©Ù†Ù‡!,0
146,2021-10-14 04:51:24+00:00,AmoR_Eza,"@sollliiiiii Ø¢Ù‚Ø§ Ù…Ø­Ù…Ø¯ØŒ ÙÚ©Ø± Ø¨Ø¯ Ù†Ú©Ù†ØŒ Ù‡ÛŒÚ†ÛŒ Ù†ÛŒØ³ØªğŸ‘ŒğŸ»
Ø¨Ø§ Ù‚Ø¯Ø±Øª Ø¨ÛŒØ´ØªØ±ÛŒ Ù†Ø³Ø¨Øª Ø¨Ù‡ Ù‚Ø¨Ù„ Ø§Ø¯Ø§Ù…Ù‡ Ù…ÛŒØ¯ÛŒğŸ‘ğŸ»",0
147,2021-10-14 04:01:44+00:00,hotel_bga,@sollliiiiii Ù…ÛŒØªÙˆÙ†ÛŒ ! ÙØ§Ø² Ù…Ù†ÙÛŒ Ù†Ø¯Ù‡ Ø¨Ù‡ Ø®ÙˆØ¯Øª,0
148,2021-10-14 03:42:20+00:00,THE_Mobin_,@sollliiiiii Ø¢Ù‚Ø§ Ø¬Ùˆ Ù…Ù†ÙÛŒ Ù†Ø¯ÛŒÙ† Ù‡Ù†ÙˆØ² The Voice Ù…ÙˆÙ†Ø¯Ù‡,0
149,2021-10-13 21:07:40+00:00,curlyhirad,@sollliiiiii Ø§ÛŒØ´Ø§Ù„Ù„Ù‡ Ú©Ù‡ Ù†ÛŒØ³ØŒØ§Ú¯Ø±Ù… Ø¨ÙˆØ¯ Ù…Ø·Ù…Ø¦Ù† Ø¨Ø§Ø´ Ø¨Ø±Ø§Ø´ ÛŒÙ‡ Ø±Ø§Ù‡ÛŒ Ù‡Ø³Øª â¤ï¸,0
150,2021-10-13 21:05:55+00:00,amoubahram,@sollliiiiii Ú†Ø±Ø§ Ú©Ù‡ Ù†Ù‡ Ø¯Ø¹Ø§Ù… Ù…ÛŒÚ©Ù†Ù… Ø¯Ø§ÙˆØ´ğŸ˜Œ,0
151,2021-10-13 21:02:57+00:00,amoubahram,@sollliiiiii Ù†Ù‡ğŸ˜­,0
152,2021-10-13 21:02:09+00:00,curlyhirad,@sollliiiiii Ù„ÙØ¸ Ø¨Ø¯ Ù†ÛŒØ§ Ù…ÙˆÙ…Ù†â¤ï¸,0
153,2021-10-11 18:36:50+00:00,reza13j,@sollliiiiii Ø¨Ù‡â€ŒØ¨Ù‡â¤ï¸ğŸ‘ŒğŸ½Ø¹Ø§Ù„ÛŒ,0
154,2021-10-10 09:39:34+00:00,_Matin_123,@sollliiiiii Ø§ÛŒÙ† Ù‡Ù…Ù‡ Ø§Ø±Ø§Ù…Ø´ Ú†Ø·ÙˆØ± ØªÙˆ ÛŒ ØµØ¯Ø§ Ø¬Ù… Ø´Ø¯Ù‡ØŸ:),1
155,2021-10-06 19:45:44+00:00,ElhamNikou,@sollliiiiii Ø´Ù†Ø§Ø³ Ø¯Ø±Ø®ÙˆØ§Ø³Øª Ø¨Ø¯ÛŒÙ… Ø§Ø±Ø³Ø§Ù„ Ù†Ù…ÛŒØ´Ù‡ØŸ =)) https://t.co/DKEtYsnAOe,1
156,2021-10-06 09:13:14+00:00,elecdaddy,@sollliiiiii ØŸØŸØŸØŸØŸ,0
157,2021-10-06 08:23:46+00:00,erfnghasemi,@sollliiiiii Ù†ÙØ³Øª Ú¯Ø±Ù… â¤,0
158,2021-10-06 06:22:14+00:00,THE_Mobin_,@sollliiiiii https://t.co/TqomBgMJwS,0
159,2021-10-06 05:12:50+00:00,parsa_sbqi,@sollliiiiii ÙÚ© Ú©Ù†Ù… ÙˆÙ‚Øª Ú©Ø§Ù…Ø¨Ú© Ø¨Ù‡ Ø¯Ø³ØªÙ‡ Ø¨Ù†Ø¯ÛŒ Ø¨Ø±Ù‚ Û¹Û¹ Ø¹Ù‡,0
160,2021-10-04 19:22:02+00:00,alijoon161,@sollliiiiii @Rehi_xm Ø¹Ø§Ù„ÛŒ,0
161,2021-09-23 12:27:04+00:00,AmoR_Eza,@sollliiiiii Ø­Ø³ Ø²ÛŒØ¨Ø§ Ùˆ ÙˆØ§Ù‚Ø¹Ø§ Ù…Ø²Ø®Ø±ÙÛŒÙ‡ğŸ˜‚ğŸ¤¦ğŸ»â€â™‚ï¸,0
162,2021-09-23 12:24:09+00:00,AmoR_Eza,"@sollliiiiii Ù…Ù†Ù… Ù‡ÙØªÙ‡â€ŒÛŒ Ù¾ÛŒØ´ Ø¯Ø±Ú¯ÛŒØ± Ø¨ÙˆØ¯Ù…
Ø§Ù„Ø§Ù† Ù†Ù‡ Ù…ÛŒâ€ŒØªÙˆÙ†Ù… ÙˆØ§Ú©Ø³Ù† Ø¨Ø²Ù†Ù…ØŒ Ù†Ù‡ Ø®ÛŒÙ„ÛŒ Ø®ÙˆØ¯Ù… Ø±Ùˆ Ù¾ÛŒØ¯Ø§ Ú©Ø±Ø¯Ù…ğŸ˜…",0
163,2021-09-23 08:16:59+00:00,SaMirghasemi,@sollliiiiii Ø¨Ù‚ÛŒÙ‡ Ø¬ØºØ¯ Ù‡Ø§ Ø®ÙˆØ§Ø¨Ù† Ø§ÙˆÙ† Ù…ÙˆÙ‚Ø¹ØŸ!,0
164,2021-09-23 04:30:04+00:00,AmoR_Eza,"@sollliiiiii Ø¹Ø§Ù„ÛŒ!
Ø®Ø³ØªÙ‡ Ù†Ø¨Ø§Ø´ÛŒğŸ˜„",0
165,2021-09-22 13:55:32+00:00,SaMirghasemi,@sollliiiiii Ø§Ù…Ø§Ù† Ø§Ø² Ø±ÙˆØ²ÛŒ Ú©Ù‡ Ø§ÙˆÙ† Ø¨Ø§Ú¯ Ù…ÙˆÙ‚Ø¹ ØªØ­ÙˆÛŒÙ„ Ù¾Ø±ÙˆÚ˜Ù‡ Ø¨Ø®ÙˆØ±Ù‡ ØªÙˆ Ú†Ø´Ù… Ø³Ø±Ù…Ø§ÛŒÙ‡ Ú¯Ø°Ø§Ø±!,0
166,2021-09-21 16:14:52+00:00,curlyhirad,@sollliiiiii ÛŒØ§Ø¯Øª Ø¨Ø§Ø´Ù‡ ØªÙˆ Ø§Ù„Ú© Û² Ø±Ùˆ Ø¨Ø§ Ú©ÛŒ Ø±Ø¯ Ú©Ø±Ø¯ÛŒ Ø›))),0
167,2021-09-20 11:36:31+00:00,ElhamNikou,"@sollliiiiii Ø³Ù„ÛŒ Ø¨Ø§ Û¶ØªØ§ i Ø²ÙˆØ¯ Ø®ÙˆØ¨ Ù…ÛŒØ´ÛŒ ÙÙ‚Ø· ØµØ¨ÙˆØ± Ø¨Ø§Ø´ Ùˆ Ù‚ÙˆÛŒ ğŸŒ±ğŸ’–
Ø¹Ø³Ù„ Ù‡Ù… Ø²ÛŒØ§Ø¯ Ø¨Ø®ÙˆØ± Ù…Ù…Ù†ÙˆÙ†",0
168,2021-09-07 23:54:58+00:00,Amirrezabastani,@sollliiiiii Ú†ÛŒ Ø²Ø¯ÛŒ Ø­Ø§Ø¬ÛŒØŸ,0
169,2021-09-05 03:43:00+00:00,Ehsan_kld,@sollliiiiii Ø­Ù‚Ù‚,0
170,2021-09-03 22:05:39+00:00,amoubahram,@sollliiiiii Ù…Ù†ØªØ¸Ø±Ù… Ø´Ø¯ÛŒØ¯,0
171,2021-09-03 13:42:39+00:00,lillyoxoxox,@sollliiiiii Ø¯Ù… ØªÙˆ Ø§Ø² Ù†ÙÙØ³Ù Ø¨Ø§Ø¯ ÙØµØ¨Ø­ØŒØ¯Ù„Ø¬Ùˆ ØªØ±ğŸŒ¿Ø¨Ø®ÙˆÙ† Ø¨Ø±Ø§Ù…ÙˆÙ†â¤ï¸,0
172,2021-09-03 13:16:33+00:00,amoubahram,@sollliiiiii Ø³Ù‡ Ø±ÙˆØ²Ù‡ Ù‚ÙÙ„ÛŒÙ… Ø±ÙˆØ´ Ù…Ø±Ø³ÛŒ Ø§Ø²Øª,0
173,2021-09-03 13:11:13+00:00,Mahkiaaa,@sollliiiiii â¤,0
174,2021-09-03 00:05:31+00:00,Mahkiaaa,@sollliiiiii ÙˆØ§ÛŒ Ú†Ù‡ Ù‚Ø¯Ø± Ø®ÙˆØ¨ Ø¨ÙˆØ¯*__*,0
175,2021-09-02 13:47:29+00:00,amoubahram,"@sollliiiiii Ù…Ù† Ø¨Ø±Ù… Ú¯ÙˆØ´ Ø¨Ø¯Ù…ğŸ¥²ğŸš¶ğŸ¼â€â™‚ï¸ğŸš¶ğŸ¼â€â™‚ï¸ğŸš¶ğŸ¼â€â™‚ï¸
Ù…Ø±Ø³ÛŒ Ø§Ø²ØªØªØªØªØªØªØªØªØª",0
176,2021-09-02 13:43:09+00:00,amoubahram,@sollliiiiii Ø¯Ø§Ø¯Ù…  Ø¨ÛŒØ³ Ø¯Ù‚ÛŒÙ‚Ù‡ Ù¾ÛŒØ´ https://t.co/gP2j7RpJuc,0
177,2021-09-02 13:41:14+00:00,amoubahram,"@sollliiiiii Ù…ÛŒØ´Ù‡ ÙˆÛŒØ¯ÛŒÙˆØ´Ùˆ Ø¯Ø§Ø´ØªÙ‡ Ø¨Ø§Ø´Ù… ØŸ 
ØªÙˆÙˆÙˆÙˆÙˆÙˆÙˆØ±ÙˆØ®Ø¯Ø§ https://t.co/bRL2aq3je7",0
178,2021-09-02 13:01:38+00:00,amoubahram,@sollliiiiii Ø§ÛŒÙ† Ù‚Ø¯ Ø®ÙˆØ¨ÛŒ Ú©Ù‡ ÛŒÙ‡ Ø±ÙˆØ²Ù‡ Ù‚ÙÙ„ÛŒ Ø²Ø¯Ù… Ø±ÙˆØ´,0
179,2021-09-02 09:48:15+00:00,1ordibehesht,@sollliiiiii Ø§ÙØ±ÛŒÙ† Ø¹Ø§Ù„ÛŒ Ø¨ÙˆØ¯,0
180,2021-09-02 07:58:52+00:00,mobina_aa3,"@sollliiiiii @_arezo_T Ù„Ù†ØªÛŒÛŒÛŒÛŒÛŒ Ú† ØµØ¯Ø§ÛŒÛŒÛŒÛŒ Ø¯Ø§Ø±ÛŒÛŒÛŒÛŒÛŒ
Ù…ÙˆÙÙ‚ Ø¨Ø§Ø´ÛŒâ¤ https://t.co/2cJIczjlhD",0
181,2021-09-01 22:30:03+00:00,_Miibo_,@sollliiiiii Ø¨Ø³ÛŒØ§Ø± Ø²ÛŒØ¨Ø§ ğŸ‘ŒğŸ»ğŸ‘ŒğŸ»,0
182,2021-09-01 21:01:43+00:00,lillyoxoxox,@sollliiiiii â¤ï¸,0
183,2021-09-01 20:20:22+00:00,h_hamed78,@sollliiiiii @88afm88 Ø¨ÛŒØ§ Ù…ÛŒÚ©Ø±ÙˆÙÙˆÙ†ØªÙˆ Ù„Ø§Ø²Ù… Ø¯Ø§Ø±ÛŒÙ… ğŸ˜‚,0
184,2021-09-01 18:15:59+00:00,joia_isaac,@sollliiiiii Ø¹Ø§Ù„ÛŒ,0
185,2021-09-01 14:15:52+00:00,lillyoxoxox,@sollliiiiii ğŸ˜ğŸ˜­Ø¨Ø³ÛŒ Ø¨Ø³ÛŒ Ø¨Ø³ÛŒ Ø¯Ù„ Ø§Ù†Ú¯ÛŒØ²ğŸ’•â¤ï¸ğŸ’•,0
186,2021-09-01 09:49:09+00:00,amoubahram,"@sollliiiiii Ù‡Ù‚ 
Ø®ÛŒÙ„ÛŒ Ø®ÙˆØ¨ Ø¨ÙˆØ¯ https://t.co/JkHiUsYbPq",0
187,2021-09-01 09:03:56+00:00,Darya_zo,@sollliiiiii Ø¯Ø§Ø´ Ú†Ø±Ø§ Ø§Ù†Ù‚Ø¯ Ø®ÙˆØ¨ÛŒÛŒÛŒÛŒÛŒ,0
188,2021-09-01 08:25:56+00:00,tierd_brain,"@sollliiiiii @helhastamsay Ø§ÛŒØ´Ø§Ù„Ø§Ø§Ø§ Ø§Ù„Ø¨ÙˆÙ… Ø±Ø³Ù…ÛŒ
ÙÙ‚Ø· Ú©Ø§Ø´ Ø¨Ù‡ Ú¯ÙˆØ´ Ù…Ø§Ù…Ø§Ù†Ù… Ù†Ø±Ø³Ù‡ Ú©Ù‡ Ø³Ø±ÙˆÛŒØ³Ù…ÙˆÙ† Ù…ÛŒÚ©Ù†Ù‡ Ø¨Ø³Ú©Ù‡ Ø§ÛŒÙ† Ø³Ø¨Ú© Ú¯ÙˆØ´ Ù…ÛŒØ¯Ù‡",0
189,2021-09-01 08:11:00+00:00,doordoune,@sollliiiiii Ø¢ÙØ±ÛŒÛŒÙ† ğŸ˜ğŸ‘,0
190,2021-09-01 08:09:28+00:00,Amirpooya81,@sollliiiiii Ù‚Ø±Ø¨ÙˆÙ†Øª,0
191,2021-09-01 08:08:18+00:00,Amirpooya81,@sollliiiiii Ø¨Ú© Ø¨Ø¯Ù‡,0
192,2021-09-01 07:51:24+00:00,elsaaa1992,@sollliiiiii @helhastamsay ğŸ˜ğŸ˜ğŸ˜ğŸ¥ºØ¹Ø§Ø§Ø§Ù„ÛŒ Ù‡Ø³ØªÛŒ,0
193,2021-09-01 07:31:20+00:00,kham3ro,@sollliiiiii Ù¾Ø³Ø± Ú©Ù†Ø³Ø±Øª Ú¯Ø²Ø§Ø´ØªÛŒ vip Ø´Ùˆ Ø¨Ø²Ø§Ø± Ú©Ù†Ø§Ø± ğŸ¤™ğŸ¼ğŸ¤©,0
194,2021-09-01 07:20:31+00:00,Alirezashonam78,@sollliiiiii https://t.co/7byAWtN4wu,0
195,2021-09-01 06:46:29+00:00,Amirpooya81,@sollliiiiii Ø¹Ø¬Ø¨ ØµØ¯Ø§ÛŒÛŒ,0
196,2021-09-01 06:33:24+00:00,e_kh_,@sollliiiiii Ø§ÛŒØ´Ø§Ù„Ù„Ù‡,0
197,2021-09-01 06:31:41+00:00,88afm88,@sollliiiiii Ù†Ú¯ÙˆÙˆÙˆÙˆÙˆÙˆ Ù…Ù† Ø¯Ø± Ø³Ø·Ø­ Ø®ÙˆØ§Ù†Ù†Ø¯Ù‡ Ù‡Ø§ÛŒ Ø­Ù…ÙˆÙ…ÛŒ Ø§Ù…ğŸ˜‚ğŸ˜‚ğŸ˜‚,0
198,2021-09-01 06:18:20+00:00,kaabaadaayii,@sollliiiiii Ø®ÛŒÙ„ÛŒ Ù‚Ø´Ù†Ú¯ Ù…ÛŒØ®ÙˆÙ†ÛŒ Ø¯Ù…Øª Ú¯Ø±Ù… ÙˆØ§Ù‚Ø¹Ø§ğŸ’š,0
199,2021-09-01 05:46:27+00:00,Khanoome_kaf,@sollliiiiii Ø®ÛŒÙ„ÛŒ Ø®ÙˆØ¨ Ø¨ÙˆØ¯ğŸ‘ŒğŸ‘ŒğŸ˜,0
200,2021-09-01 05:15:31+00:00,HamoonMamRez,"@sollliiiiii Ù„Ø°Øª Ø¨Ø±Ø¯ÛŒÙ… ÙˆØ§Ù‚Ø¹Ø§ Ø³Ù„ÛŒ â¤ï¸
Ø¯Ù…Øª Ú¯Ø±Ù…",0
201,2021-09-01 04:58:11+00:00,isogol_,@sollliiiiii https://t.co/FZdzjHSrRf,0
202,2021-09-01 04:29:38+00:00,Rahro_,@sollliiiiii Ø¯Ù…Øª Ú¯Ø±Ù…ğŸ‘ğŸ»ğŸ‘ğŸ»ğŸ‘ŒğŸ»,0
203,2021-09-01 03:53:54+00:00,ElhamNikou,@sollliiiiii Ø¢Ø±Ø²ÙˆÛŒ Ø§ØªÙØ§Ù‚Ø§ÛŒ Ø®ÙˆØ¨ Ø®ÙˆØ¨ Ø¨Ø±Ø§Øª ğŸŒ±ğŸ’™ğŸ˜ƒ,0
204,2021-09-01 02:58:49+00:00,88afm88,"@sollliiiiii Ø³Ù„ÛŒ ÙÛŒÙˆ Ø§Ø³ØªØ§Ø± Ø¨Ø´ÛŒ Ø¯ÙØ¹Ù‡ Ø¨Ø¹Ø¯ÛŒ Ø¨Ø§ÛŒØ¯ Ù…Ù†Ù… Ø¨Ø¨Ø±ÛŒ ğŸ˜‚ğŸ˜‚
Ø§ÛŒÙ†Ø¬Ø§ Ú†Ù‚Ø¯Ø± Ø±ÛŒ Ø§Ú©Ø´Ù†Ø§ Ø®ÙˆØ¨Ù‡ Ù‡Ù…ÛŒÙ†Ùˆ ØªÙˆ Ø§ÛŒÙ†Ø³ØªØ§ Ù…ÛŒØ°Ø§Ø±ÛŒ Ù¾Ø´ØªØª Ø­Ø±Ù Ø¯Ø±Ù…ÛŒØ§Ø±Ù†ğŸ¤£
Ø®Ù„Ø§ØµÙ‡ Ú©Ù‡ Ø¯Ù…Øª Ú¯Ø±Ù…",0
205,2021-08-31 22:19:19+00:00,_Moh_33,@sollliiiiii Ø¹Ø§Ù„ÛŒ Ø¨ÙˆØ¯! Ø¯Ù…Øª Ú¯Ø±Ù…! Ø¨Ø§Ø²Ù… Ø­Ø§Ù„Ù…ÙˆÙ† Ø±Ùˆ Ø®ÙˆØ¨ Ú©Ù†!,0
206,2021-08-31 20:47:28+00:00,e_kh_,@sollliiiiii Ø¨Ø§Ø¨Ø§ Ø³ÙÙ„ÛŒ Ø®Ø§Ø·Ø±Ø§ØªÙ Ø¯Ø§Ù†Ø´Ú¯Ø§Ù‡ Ùˆ Ø®ÙˆÙ†Ø¯Ù†Ø§Øª Ø²Ù†Ø¯Ù‡ Ø´Ø¯ Ú©Ù‡ )):,0
207,2021-08-31 20:17:25+00:00,rfeparsa,@sollliiiiii ÙƒÙŠÙ ÙƒØ±Ø¯ÙŠÙ…â¤ï¸,0
208,2021-08-31 18:58:47+00:00,isogol_,@sollliiiiii Ú†Ù‡ Ù‚Ø´Ù†Ú¯ğŸ¤ŒğŸ¼ğŸ“ğŸª,0
209,2021-08-31 17:59:41+00:00,paradox_pa4,@sollliiiiii ğŸ‘ğŸ‘ğŸ‘,0
210,2021-08-31 17:42:29+00:00,DaadKhaaham,@sollliiiiii ğŸ‘ŒğŸ‘Œ,0
211,2021-08-31 17:32:58+00:00,masolatmahsa,@sollliiiiii Ú†Ù‡ Ø­Ø³ Ø®ÙˆØ¨ÙŠ Ø¯Ø§Ø±Ù‡ğŸ¥²,0
212,2021-07-27 21:54:36+00:00,SaMirghasemi,@sollliiiiii Ø´Ù…Ø§ Ø¨ÛŒØ§ Ø¨Ø±Ø§ÛŒ Ø±ÛŒØ§Ø³Øª!,0
213,2021-07-17 19:29:58+00:00,meli_kaaa,@sollliiiiii @yasamanbz ğŸ¥²ğŸ¥²,0
214,2021-07-17 19:26:10+00:00,meli_kaaa,"@sollliiiiii @yasamanbz Ø§Ø² Ù‡Ù…ÛŒÙ†Ø¬Ø§ Ø§Ø¹Ù„Ø§Ù… Ù…ÛŒÚ©Ù†Ù… ØºÙ„Ø· Ú©Ø±Ø¯Ù…ğŸ¥²
ÛŒØ¹Ù†ÛŒ Ù‡Ø±Ø¨Ø§Ø± ÛŒÙ‡ Ú©Ø§Ø±ÛŒ Ù…ÛŒÚ©Ù†Ù‡ Ø¨ÛŒØ´ØªØ± Ø§Ø² Ù‚Ø¨Ù„ Ø³ÙˆØ±Ù¾Ø±Ø§ÛŒØ² Ù…ÛŒØ´ÛŒğŸ˜’ğŸ¤¦â€â™€ï¸",0
215,2021-07-17 19:12:39+00:00,A_M_Araa,@sollliiiiii @meli_kaaa @yasamanbz Ø¨Ø±Ø§Ø²Ù†Ø¯Ù‡ ğŸ¥²,0
216,2021-06-22 10:09:59+00:00,Negin_dt,@sollliiiiii ğŸ™‚ğŸ™‚ğŸ™‚,0
217,2021-05-26 09:16:50+00:00,AshkanKhastas,@sollliiiiii ğŸ˜ğŸ˜,0
218,2021-05-26 09:15:39+00:00,AshkanKhastas,@sollliiiiii Ù„Ø§ÛŒÚ©ØªÙˆ ÙˆØ±Ø¯Ø§Ø± Ø¨Ø¨Ø®Ø´Ù…Øª :)),1
219,2021-05-26 09:13:43+00:00,AshkanKhastas,@sollliiiiii -_-,0
220,2021-05-26 09:12:03+00:00,AshkanKhastas,@sollliiiiii ØªÙˆ Ø²Ù†Ø¯Ù‡â€ŒØ§ÛŒØŸ ://,0
221,2021-03-06 05:58:18+00:00,curlyhirad,"@sollliiiiii Ø¨Ø§ Ù…Ù† Ø¨ÛŒØ§ Ø³Ø± Ú©Ù„Ø§Ø³ Ø§Ù†Ù‚Ø¯ Ø¯Ù„ ØªÙ†Ú¯ÛŒØ›))
ØªØ§Ø²Ù‡ Ø¢Ø² Ø§Ù„Ú© Û² Ù‡Ù… Ø¯Ø§Ø±Ù… Ø¨Ø§Ù‡Ø§Ø´",0
222,2021-02-02 10:56:03+00:00,curlyhirad,@sollliiiiii Drama queens ğŸ˜‚,0
223,2021-01-21 07:00:03+00:00,BetweenDClouds,@sollliiiiii Ø§Ù„Ø§Ù† Ú†Ø·ÙˆØ±ØŸğŸ™„ğŸ˜…,0
224,2021-01-18 17:07:31+00:00,curlyhirad,@sollliiiiii ÙÛŒÙ„Ù… Ø³ÙˆÙ¾Ø±Ù‡ ....,0
225,2021-01-13 23:10:31+00:00,HelixJumpp,@sollliiiiii Ø¢Ù‚Ø§ÛŒ Ø³Ø§Ø³ÛŒ Ù…Ø§Ù†Ú©Ù† Ø¨Ù‡ Ú©Ù†Ø§Ø±ØŒ ØªÙˆ Ú†Ø±Ø§ Ø§ÛŒÙ† ÙˆÙ‚Øª Ø´Ø¨ Ø¯Ø§Ø±ÛŒ Ø§ÛŒÙ†Ùˆ Ú¯ÙˆØ´ Ù…ÛŒØ¯ÛŒ Ø¬Ø§Ù„Ø¨Ù‡ =)))),1
226,2021-01-12 17:32:13+00:00,AshkanKhastas,@sollliiiiii Ù…Ø§ Ø±Ùˆ Ø¯ÙˆØ± Ù†Ù†Ø¯Ø§Ø² :(,-1
227,2021-01-12 14:40:40+00:00,mrelahi1998,@sollliiiiii ÙÙ‚Ø· Ù…ÙˆÙ†Ø¯Ù‡ Ø¨ÙˆØ¯ Ø¨Ú¯ÙˆØ²Ù‡,0
228,2021-01-12 14:38:54+00:00,mrelahi1998,@sollliiiiii Ø­Ø§Ø¬ÛŒ ÙØ§Ø§Ø§Ø§Ú©. Ø®ÙˆØ¯ Ø¨ÛŒ Ù†Ø§Ù†ÙˆØ³Ø´Ù‡ğŸ˜‚ğŸ˜‚ğŸ˜‚,0
229,2021-01-12 10:45:15+00:00,bootighaha,@sollliiiiii Ù¾Ø³ ÙØ¹Ù„Ø§ Ø§Ø¯Ø§Ù…Ù‡ Ø¨Ø¯Ù‡ ØªØ§ Ù†Ø±ÙØªÙ‡,0
230,2021-01-09 16:33:39+00:00,BetweenDClouds,@sollliiiiii Ù†Ø§Ù… Ùˆ ÛŒØ§Ø¯Ø´Ø§Ù† Ú¯Ø±Ø§Ù…ÛŒ =)))),1
231,2021-01-09 13:20:31+00:00,hastipourakbar,@sollliiiiii Ø¨Ø±Ùˆ Ø®Ø¯Ø§Ø±ÙˆØ´Ú©Ø± Ú©Ù† Ø¨Ø§Ù‡Ø§Ø´ Ú©Ù„Ø§Ø³ Ù†Ø¯Ø§Ø±ÛŒ :))) ğŸ¤¦ğŸ»â€â™€ï¸,1
232,2020-12-31 13:38:51+00:00,BetweenDClouds,@sollliiiiii Ø®ÙˆØ¯ØªÙˆ Ù†Ú¯ÛŒØ± Ø­Ø§Ù„Ø§ ğŸ˜‚,0
233,2020-12-29 11:03:06+00:00,BetweenDClouds,@sollliiiiii Ù‡ÙˆÙˆÙˆÙˆØ±Ø±Ø±Ø±Ø§Ø§Ø§Ø§  =)))),1
234,2020-12-24 19:06:59+00:00,Amirrezabastani,@sollliiiiii Ù†Ú¯Ø±Ø§Ù† Ù†Ø¨Ø§Ø´ Ù…ÛŒ Ø²Ù†ÛŒ ğŸ˜‚ğŸ˜‚ğŸ˜‚ğŸ˜‚,0
235,2020-12-23 20:25:45+00:00,Salman_Motlaq,"@sollliiiiii Ù¾Ø³ ÙØ±Ø¯Ø§ Ù‚Ø·Ø¹Ø§ ØªØ¹Ø·ÛŒÙ„Ù‡ Ø´Ú© Ù†Ú©Ù†
Ø®ÛŒØ®ÛŒØ®ÛŒØ®ÛŒ",0
236,2020-12-18 13:53:23+00:00,curlyhirad,@sollliiiiii Ø­Ù„Ù‡ Ø¯Ø§Ø¯Ø§â¤ï¸,0
237,2020-12-18 13:08:04+00:00,curlyhirad,@sollliiiiii Ù†Ù‡ Ø®Ø¯Ø§ÛŒÛŒØ´ Ø¨Ù†Ø² Ø¯ÙˆØ³ Ù†Ø¯Ø§Ø±Ù…ğŸ˜‚ğŸ˜‚ğŸ˜‚ğŸ˜‚,0
238,2020-12-08 13:27:42+00:00,BetweenDClouds,@sollliiiiii ÛŒØ§Ø¯Ù… Ø±ÙØªÙ‡ Ù‚ÛŒØ§ÙØª Ø¨Ø¯ÙˆÙ† Ù…Ø§Ø³Ú© Ú†Ù‡ Ø´Ú©Ù„ÛŒ Ø¨ÙˆØ¯ ((((:,0
239,2020-12-08 00:03:39+00:00,__kaafpe__,@sollliiiiii Ø§Ø±Ù‡ Ù¾Ø± Ø±Ùˆ Ù…ÛŒØ´Ù‡ ğŸ¤£ğŸ¤£,0
240,2020-12-07 23:20:50+00:00,HamoonMamRez,@sollliiiiii Ø§ÛŒÙ† Ù¾ÙˆÙ„ Ú©Ø«ÛŒÙ Ù„Ø¹Ù†ØªÛŒ,0
241,2020-12-07 18:34:10+00:00,curlyhirad,@sollliiiiii @ghhhjkuh Ù…Ù† Ú¯ÙØªÙ… Ø§Ø² Ø¢Ø¯Ù…Ø§ÛŒ Ú¯Ø´Ù†Ù‡ Ø¨Ø§ÛŒØ¯ ØªØ±Ø³ÛŒØ¯ :))),1
242,2020-12-07 18:23:11+00:00,curlyhirad,@sollliiiiii @ghhhjkuh ØªÙˆ Ø§ÙˆØ¬ Ø¨Ø§ÛŒØ¯ Ø®Ø¯Ø§ÙØ¸ÛŒ Ù…ÛŒÚ©Ø±Ø¯ØŒØ¨Ø¹Ø¯ÛŒ Ù‡Ù… Ù…Ø·Ù…Ø¦Ù† Ø¨Ø§Ø´ Ø§ÙØ¨ÛŒÙ‡ :))),1
243,2020-12-07 18:10:57+00:00,Amirrezabastani,@sollliiiiii ğŸ¤¦â€â™‚ï¸ğŸ¤¦â€â™‚ï¸ğŸ¤¦â€â™‚ï¸,0
244,2020-12-07 18:09:32+00:00,Amirrezabastani,@sollliiiiii Ú†Ø±Ø§,0
245,2020-12-07 12:29:01+00:00,bootighaha,@sollliiiiii Ú¯ÙØªÙ†ÛŒ Ù†ÛŒØ³Øª ÙˆÙ„Ø´ Ú©Ù† ğŸ¤¦ğŸ»â€â™‚ï¸,0
246,2020-12-04 03:54:53+00:00,__kaafpe__,@sollliiiiii ğŸ¤£ğŸ¤£ğŸ¤£,0
247,2020-12-04 03:53:34+00:00,sollliiiiii,"@pishooool Ø¬Ø§ Ø¯Ø§Ø±Ù‡ Ø¨Ú¯Ù… 
ØªÚ©Ø¨ÛŒÛŒÛŒÛŒÛŒØ± ğŸ˜‚",0
248,2020-12-04 03:51:48+00:00,__kaafpe__,@sollliiiiii Ø³ÙˆØ§Ù„ Ù…ÛŒÙ„ÛŒÙˆÙ† Ø¯Ù„Ø§Ø±ÛŒÙ‡ ÙˆØ§Ù‚Ø¹Ø§!,0
249,2020-12-02 04:38:05+00:00,curlyhirad,@sollliiiiii Ø§Ø² ÙØ±Ø§Ø³ØªÛŒ Ø¨Ù¾Ø±Ø³ØŒØ§ÙˆÙ† Ø®ÛŒÙ„ÛŒ Ø¨Ø§ Ø¯Ù‚Øª ÙÛŒÙ„Ù… Ø±Ùˆ Ø¯ÛŒØ¯Ù‡:)),1
250,2020-11-30 18:19:20+00:00,bootighaha,@sollliiiiii ğŸ˜”ğŸ˜”ğŸ˜”,0
251,2020-11-28 18:00:29+00:00,A_M_Araa,@sollliiiiii Ú†Ø´Ù… Ø¹Ø¨Ø§Ø³ Ø¢Ù‚Ø§,0
252,2020-11-28 17:58:17+00:00,HelixJumpp,@sollliiiiii Ø¨Ø§Ø´Ù‡,0
253,2020-11-07 21:03:47+00:00,A_M_Araa,@sollliiiiii Ù‡Ø± Ú©ÙˆÙØªÛŒ Ù‡Ø³Øª Ú©Ù‡ Ø³Ú¯ ØªÙˆØ´,0
254,2020-11-07 20:57:39+00:00,A_M_Araa,@sollliiiiii Ù‡Ù†ÙˆØ²Ù… Ù‡Ø³Øª,0
255,2020-11-04 13:36:14+00:00,bootighaha,@sollliiiiii ğŸ˜‚ğŸ˜‚ğŸ˜‚,0
256,2020-10-29 23:35:13+00:00,bootighaha,@mohamma43181129 Ø±Ø§Ù‡ Ø®ÛŒÙ„ÛŒ Ø¯Ø±Ø§Ø²Ù‡ ØªØ§ Ù‚ØµØ± Ø¨Ù‡Ø±Ø§Ù…...,0
257,2020-10-24 22:13:57+00:00,HelixJumpp,"@mohamma43181129 Ø¨Ø¨ÛŒÙ† Ú©ÛŒ ØªÙˆÛŒÛŒØªØ± Ù…ÛŒØ§Ø¯ Ø¯ÛŒÚ¯Ù‡ =))))
Ø¨Ù‡ Ø¨Ù‡",1
258,2020-10-18 10:37:59+00:00,AshkanKhastas,@mohamma43181129 Ù‡Ø§Ø§Ø§Ø§Ø§ Ù…Ø±Ø³ÛŒ :))))),1
259,2020-04-07 08:28:28+00:00,ErfanKarimyan,@mohamma43181129 Ø¬ÙˆÙˆÙˆÙˆÙˆÙˆÙˆÙˆÙˆÙˆÙˆÙˆÙˆÙˆÙˆÙˆÙˆÙˆÙˆÙˆÙˆÙˆÙˆÙˆÙˆÙˆÙˆÙˆÙˆÙˆÙˆÙˆÙˆÙˆÙ† :),1
